{"cameraMode":{"drawMode":0,"name":"Shaded","section":"Shading Mode"},"sceneLighting":true,"audioPlay":false,"sceneViewState":{"m_AlwaysRefresh":false,"showFog":true,"showSkybox":true,"showFlares":true,"showImageEffects":true,"showParticleSystems":true,"showVisualEffectGraphs":true,"m_FxEnabled":true},"in2DMode":false,"pivot":{"x":2.4295766353607179,"y":-1.8609026670455933,"z":2.3171396255493166},"rotation":{"x":-0.2141253799200058,"y":-0.06675577163696289,"z":0.014669524505734444,"w":-0.9744142889976502},"size":11.1468505859375,"orthographic":false}